SNR_dB,Modulation,Order,NumberOfJointCandidates,SymbolErrorCount,EmpiricalSER,ZeroErrorPoint,SER_95CI_Lower,SER_95CI_Upper,ReducedSubspaceRank,ProjectionResidual
-12,QPSK,4,16,9787,0.48935,0,0.482424635912001,0.496279454606292,6,9.76246832016027e-16
-9,QPSK,4,16,7416,0.3708,0,0.364131106928474,0.37751851701176,6,9.76246832016027e-16
-6,QPSK,4,16,4308,0.2154,0,0.209757391335872,0.221151919603683,6,9.76246832016027e-16
-3,QPSK,4,16,1585,0.07925,0,0.0755864988838664,0.0830751053951837,6,9.76246832016027e-16
0,QPSK,4,16,269,0.01345,0,0.0119443858724842,0.0151424912801524,6,9.76246832016027e-16
3,QPSK,4,16,8,0.0004,0,0.000202700964960004,0.000789188512909087,6,9.76246832016027e-16
6,QPSK,4,16,0,0,1,0,0.000192043112358978,6,9.76246832016027e-16
9,QPSK,4,16,0,0,1,0,0.000192043112358978,6,9.76246832016027e-16
12,QPSK,4,16,0,0,1,0,0.000192043112358978,6,9.76246832016027e-16
15,QPSK,4,16,0,0,1,0,0.000192043112358978,6,9.76246832016027e-16
18,QPSK,4,16,0,0,1,0,0.000192043112358978,6,9.76246832016027e-16
21,QPSK,4,16,0,0,1,0,0.000192043112358978,6,9.76246832016027e-16
24,QPSK,4,16,0,0,1,0,0.000192043112358978,6,9.76246832016027e-16
-12,16-QAM,16,256,16692,0.8346,0,0.829386538001607,0.839684946747602,7,7.57411587579933e-16
-9,16-QAM,16,256,15460,0.773,0,0.767142337899158,0.778752806561494,7,7.57411587579933e-16
-6,16-QAM,16,256,13566,0.6783,0,0.671792218020739,0.684739299405393,7,7.57411587579933e-16
-3,16-QAM,16,256,10673,0.53365,0,0.526730263191338,0.5405568123072,7,7.57411587579933e-16
0,16-QAM,16,256,6789,0.33945,0,0.332918701208089,0.346042963835289,7,7.57411587579933e-16
3,16-QAM,16,256,2884,0.1442,0,0.139399652496724,0.149137005382031,7,7.57411587579933e-16
6,16-QAM,16,256,584,0.0292,0,0.0269554428237336,0.0316253849708636,7,7.57411587579933e-16
9,16-QAM,16,256,37,0.00185,0,0.00134252903933836,0.00254880351350489,7,7.57411587579933e-16
12,16-QAM,16,256,1,5e-05,0,8.82605523813606e-06,0.000283197852809606,7,7.57411587579933e-16
15,16-QAM,16,256,0,0,1,0,0.000192043112358978,7,7.57411587579933e-16
18,16-QAM,16,256,0,0,1,0,0.000192043112358978,7,7.57411587579933e-16
21,16-QAM,16,256,0,0,1,0,0.000192043112358978,7,7.57411587579933e-16
24,16-QAM,16,256,0,0,1,0,0.000192043112358978,7,7.57411587579933e-16
-12,64-QAM,64,4096,19076,0.9538,0,0.950802510259821,0.956623191411402,7,6.96244217860229e-16
-9,64-QAM,64,4096,18616,0.9308,0,0.927199228222801,0.934235307431591,7,6.96244217860229e-16
-6,64-QAM,64,4096,17953,0.89765,0,0.89337248036211,0.901774787750631,7,6.96244217860229e-16
-3,64-QAM,64,4096,16869,0.84345,0,0.838347960414916,0.848420125171205,7,6.96244217860229e-16
0,64-QAM,64,4096,15040,0.752,0,0.74596682323946,0.757936387031911,7,6.96244217860229e-16
3,64-QAM,64,4096,12085,0.60425,0,0.597453251507296,0.611006707503777,7,6.96244217860229e-16
6,64-QAM,64,4096,7934,0.3967,0,0.389940317369058,0.403499358737956,7,6.96244217860229e-16
9,64-QAM,64,4096,3516,0.1758,0,0.170586860845976,0.181137659908077,7,6.96244217860229e-16
12,64-QAM,64,4096,748,0.0374,0,0.0348579300666996,0.0401197482208549,7,6.96244217860229e-16
15,64-QAM,64,4096,52,0.0026,0,0.00198338575449475,0.00340765873367996,7,6.96244217860229e-16
18,64-QAM,64,4096,0,0,1,0,0.000192043112358978,7,6.96244217860229e-16
21,64-QAM,64,4096,0,0,1,0,0.000192043112358978,7,6.96244217860229e-16
24,64-QAM,64,4096,0,0,1,0,0.000192043112358978,7,6.96244217860229e-16
-12,256-QAM,256,65536,19747,0.98735,0,0.985704836439135,0.988807979139249,7,9.17301374953593e-16
-9,256-QAM,256,65536,19653,0.98265,0,0.980745479807824,0.984369140975816,7,9.17301374953593e-16
-6,256-QAM,256,65536,19460,0.973,0,0.970661183213162,0.975157144002546,7,9.17301374953593e-16
-3,256-QAM,256,65536,19094,0.9547,0,0.951729435313361,0.957495920680259,7,9.17301374953593e-16
0,256-QAM,256,65536,18465,0.92325,0,0.919478911020461,0.926858524484927,7,9.17301374953593e-16
3,256-QAM,256,65536,17516,0.8758,0,0.871156771773949,0.880298888622802,7,9.17301374953593e-16
6,256-QAM,256,65536,15754,0.7877,0,0.781977459315559,0.793312039077589,7,9.17301374953593e-16
9,256-QAM,256,65536,12843,0.64215,0,0.635479585789869,0.648765816353287,7,9.17301374953593e-16
12,256-QAM,256,65536,8728,0.4364,0,0.429539505555702,0.443284922328191,7,9.17301374953593e-16
15,256-QAM,256,65536,3979,0.19895,0,0.193475270714291,0.20454035844366,7,9.17301374953593e-16
18,256-QAM,256,65536,851,0.04255,0,0.0398393759768382,0.045436324266659,7,9.17301374953593e-16
21,256-QAM,256,65536,52,0.0026,0,0.00198338575449475,0.00340765873367996,7,9.17301374953593e-16
24,256-QAM,256,65536,1,5e-05,0,8.82605523813606e-06,0.000283197852809606,7,9.17301374953593e-16
