SNR_dB,Modulation,Order,NumberOfJointCandidates,SymbolErrorCount,EmpiricalSER,PlottedSER,ZeroErrorPoint,SER_95CI_Lower,SER_95CI_Upper,ReducedSubspaceRank,ProjectionResidual
-12,QPSK,4,16,2096,0.2096,0.2096,0,0.201734615957025,0.217688418490061,6,8.33261293012224e-16
-9,QPSK,4,16,716,0.0716,0.0716,0,0.0667094447489505,0.0768195771419999,6,8.33261293012224e-16
-6,QPSK,4,16,108,0.0108,0.0108,0,0.00895369211835326,0.0130220256898935,6,8.33261293012224e-16
-3,QPSK,4,16,6,0.0006,0.0006,0,0.000275009722140411,0.00130854194065281,6,8.33261293012224e-16
0,QPSK,4,16,0,0,5e-05,1,0,0.000384012477766541,6,8.33261293012224e-16
3,QPSK,4,16,0,0,5e-05,1,0,0.000384012477766541,6,8.33261293012224e-16
6,QPSK,4,16,0,0,5e-05,1,0,0.000384012477766541,6,8.33261293012224e-16
9,QPSK,4,16,0,0,5e-05,1,0,0.000384012477766541,6,8.33261293012224e-16
12,QPSK,4,16,0,0,5e-05,1,0,0.000384012477766541,6,8.33261293012224e-16
15,QPSK,4,16,0,0,5e-05,1,0,0.000384012477766541,6,8.33261293012224e-16
18,QPSK,4,16,0,0,5e-05,1,0,0.000384012477766541,6,8.33261293012224e-16
21,QPSK,4,16,0,0,5e-05,1,0,0.000384012477766541,6,8.33261293012224e-16
24,QPSK,4,16,0,0,5e-05,1,0,0.000384012477766541,6,8.33261293012224e-16
-12,16-QAM,16,256,6634,0.6634,0.6634,0,0.654076901799899,0.672597602922367,7,1.32094785841494e-15
-9,16-QAM,16,256,5231,0.5231,0.5231,0,0.51330346946722,0.532878789156307,7,1.32094785841494e-15
-6,16-QAM,16,256,3367,0.3367,0.3367,0,0.327501681573969,0.346023736901269,7,1.32094785841494e-15
-3,16-QAM,16,256,1424,0.1424,0.1424,0,0.135687846857183,0.149386798866916,7,1.32094785841494e-15
0,16-QAM,16,256,279,0.0279,0.0279,0,0.024848971781962,0.0313136127995452,7,1.32094785841494e-15
3,16-QAM,16,256,19,0.0019,0.0019,0,0.00121673435420427,0.00296581887614676,7,1.32094785841494e-15
6,16-QAM,16,256,0,0,5e-05,1,0,0.000384012477766541,7,1.32094785841494e-15
9,16-QAM,16,256,0,0,5e-05,1,0,0.000384012477766541,7,1.32094785841494e-15
12,16-QAM,16,256,0,0,5e-05,1,0,0.000384012477766541,7,1.32094785841494e-15
15,16-QAM,16,256,0,0,5e-05,1,0,0.000384012477766541,7,1.32094785841494e-15
18,16-QAM,16,256,0,0,5e-05,1,0,0.000384012477766541,7,1.32094785841494e-15
21,16-QAM,16,256,0,0,5e-05,1,0,0.000384012477766541,7,1.32094785841494e-15
24,16-QAM,16,256,0,0,5e-05,1,0,0.000384012477766541,7,1.32094785841494e-15
-12,64-QAM,64,4096,8925,0.8925,0.8925,0,0.886277511342378,0.898421038862575,7,8.88825457617127e-16
-9,64-QAM,64,4096,8352,0.8352,0.8352,0,0.827799936969171,0.842342621065735,7,8.88825457617127e-16
-6,64-QAM,64,4096,7461,0.7461,0.7461,0,0.737475884082836,0.754535104975607,7,8.88825457617127e-16
-3,64-QAM,64,4096,5967,0.5967,0.5967,0,0.587049664656808,0.606276067329992,7,8.88825457617127e-16
0,64-QAM,64,4096,3936,0.3936,0.3936,0,0.384067071850761,0.403214646004508,7,8.88825457617127e-16
3,64-QAM,64,4096,1739,0.1739,0.1739,0,0.16659673741877,0.181453715519229,7,8.88825457617127e-16
6,64-QAM,64,4096,371,0.0371,0.0371,0,0.0335696732515056,0.0409858455004106,7,8.88825457617127e-16
9,64-QAM,64,4096,26,0.0026,0.0026,0,0.00177497606482828,0.00380703954805388,7,8.88825457617127e-16
12,64-QAM,64,4096,0,0,5e-05,1,0,0.000384012477766541,7,8.88825457617127e-16
15,64-QAM,64,4096,0,0,5e-05,1,0,0.000384012477766541,7,8.88825457617127e-16
18,64-QAM,64,4096,0,0,5e-05,1,0,0.000384012477766541,7,8.88825457617127e-16
21,64-QAM,64,4096,0,0,5e-05,1,0,0.000384012477766541,7,8.88825457617127e-16
24,64-QAM,64,4096,0,0,5e-05,1,0,0.000384012477766541,7,8.88825457617127e-16
-12,256-QAM,256,65536,9728,0.9728,0.9728,0,0.969425635111278,0.975811242689746,7,9.05659119226281e-16
-9,256-QAM,256,65536,9542,0.9542,0.9542,0,0.949925255527313,0.958125907537883,7,9.05659119226281e-16
-6,256-QAM,256,65536,9258,0.9258,0.9258,0,0.920497788455684,0.93077518651825,7,9.05659119226281e-16
-3,256-QAM,256,65536,8709,0.8709,0.8709,0,0.864185200774067,0.877329938769926,7,9.05659119226281e-16
0,256-QAM,256,65536,7741,0.7741,0.7741,0,0.765799436807521,0.782190047552168,7,9.05659119226281e-16
3,256-QAM,256,65536,6349,0.6349,0.6349,0,0.625413286006453,0.644283107427046,7,9.05659119226281e-16
6,256-QAM,256,65536,4299,0.4299,0.4299,0,0.420225537778579,0.439628300770804,7,9.05659119226281e-16
9,256-QAM,256,65536,1909,0.1909,0.1909,0,0.183316258544881,0.198721137968874,7,9.05659119226281e-16
12,256-QAM,256,65536,445,0.0445,0.0445,0,0.0406303273771073,0.048719507990138,7,9.05659119226281e-16
15,256-QAM,256,65536,35,0.0035,0.0035,0,0.00251776339650211,0.00486356099392007,7,9.05659119226281e-16
18,256-QAM,256,65536,1,0.0001,0.0001,0,1.76522195268565e-05,0.000566283455744131,7,9.05659119226281e-16
21,256-QAM,256,65536,0,0,5e-05,1,0,0.000384012477766541,7,9.05659119226281e-16
24,256-QAM,256,65536,0,0,5e-05,1,0,0.000384012477766541,7,9.05659119226281e-16
