NoReference,Constant,Random,Uniform,Optimized
2.00006203053309,0.0212538216520475,0.0225761506977874,0.0186791938651551,0.0186791938651551
1.99436832325306,0.0213744970470357,0.0176771822793756,0.017272251079968,0.017272251079968
2.02305012081367,0.0167933567270402,0.0171920158073595,0.0182686276856739,0.0182686276856739
2.16210094418831,0.0193923176967894,0.0196759641281672,0.0184051757066404,0.0184051757066404
1.80232415210588,0.0251990731902328,0.0219588128774052,0.0207497899486449,0.0207497899486449
2.00670296352563,0.0231797858127643,0.0214650142391393,0.01408126373424,0.01408126373424
1.85445047422884,0.0215300389800984,0.01836803978877,0.0202948348438625,0.0202948348438625
1.88081773985375,0.0217597195608588,0.0236581717200749,0.0158761770755484,0.0158761770755484
1.71855071416082,0.0249648575970037,0.0220939509844553,0.0177590102561094,0.0177590102561094
1.80786876066735,0.0234090689840473,0.0221639452812146,0.0159501901675938,0.0159501901675938
1.98507714562469,0.0256164671209768,0.0208046879448971,0.0173529910977909,0.0173529910977909
1.78700639911928,0.0237439279378481,0.0221001586904968,0.0155493931920586,0.0155493931920586
2.25181695751262,0.0214899610887769,0.0204529682910411,0.0188076958456057,0.0188076958456057
1.56492015928,0.0194177316113127,0.0208186542675963,0.0181564120869079,0.0181564120869079
2.1973528658338,0.0205695376897355,0.0210078536512843,0.0190259954761205,0.0190259954761205
1.84257863463445,0.024943076073091,0.0245554009233468,0.0173943088872499,0.0173943088872499
1.97039521181144,0.0193016871155628,0.0192193283910271,0.0230433752148882,0.0230433752148882
2.13159702153918,0.0261636002548458,0.0205893990474813,0.0167309561235896,0.0167309561235896
1.7567938163797,0.0203654581801615,0.0212261085959122,0.0211308104306043,0.0211308104306043
1.99327707353697,0.021150273542027,0.0193635213673312,0.0183509208734462,0.0183509208734462
1.65245501623895,0.0251422187254604,0.020561855238495,0.0187394044074706,0.0187394044074706
2.13232713478965,0.0255527990322106,0.0208100387193784,0.0164843353681711,0.0164843353681711
1.96970756002376,0.024399325529871,0.0200701065544593,0.0181825761998465,0.0181825761998465
2.29802177807211,0.0213553691505615,0.0218457918865033,0.0165897420150075,0.0165897420150075
2.38968514656406,0.0265635389035344,0.0203570130273488,0.0153760182448307,0.0153760182448307
2.1007557051485,0.0218043381349072,0.0239008195531408,0.0207180013458846,0.0207180013458846
2.08979218557215,0.0223006135772173,0.0195773883728572,0.0184285224345295,0.0184285224345295
1.70642400075896,0.021148840080794,0.0211478417637791,0.0192358092164655,0.0192358092164655
2.2900279007891,0.0223555205511858,0.0212448206532001,0.0198106572935953,0.0198106572935953
2.09498523228755,0.0211947468272485,0.0207351875681132,0.0217526290907174,0.0217526290907174
1.87767228003491,0.0216524277720725,0.0236645110718193,0.0173465849747866,0.0173465849747866
2.01128200540904,0.0223023913131322,0.023940135382061,0.016828888538403,0.016828888538403
2.13219333112371,0.0204804385510361,0.0203815164661373,0.0203285148682913,0.0203285148682913
2.18430707564767,0.0226257368847482,0.0208948442389496,0.0159220337918312,0.0159220337918312
2.5513091135763,0.0226335207465671,0.0228537624594589,0.0188331424638435,0.0188331424638435
1.94353822349112,0.0197578149163771,0.0226994206819352,0.0166864600600777,0.0166864600600777
2.20126444603896,0.0216275177636293,0.0208975260845889,0.018948992283692,0.018948992283692
2.06902679076478,0.0249164278810797,0.021335458434373,0.0146520519890363,0.0146520519890363
1.79396680733964,0.0230124014446969,0.0221528555544409,0.0155712270800798,0.0155712270800798
2.20088874762015,0.0194108104163126,0.0196787265728994,0.0150036901108688,0.0150036901108688
1.94241436059783,0.0197616855941567,0.0208195648674524,0.0185260245234408,0.0185260245234408
2.24032033647716,0.0220229625201289,0.0206590936240675,0.0197196457132701,0.0197196457132701
2.03982554051193,0.0247993612213993,0.0232456903829926,0.0162472673828423,0.0162472673828423
2.11581651456247,0.0245607052528669,0.0211308406657859,0.0144614548109302,0.0144614548109302
1.82351323985741,0.0216940507417436,0.0203494587749046,0.0191288178210438,0.0191288178210438
2.12947271401081,0.0198403428133854,0.0214603690543331,0.018578645646247,0.018578645646247
2.41147367174346,0.0233271909267284,0.0251522457243254,0.0167164281794594,0.0167164281794594
1.90905423857742,0.0238926292742397,0.022428426883707,0.0197126437378635,0.0197126437378635
2.14540434849321,0.0238198576672641,0.0175387742141001,0.018218828221837,0.018218828221837
2.34719977819728,0.0239128078026963,0.0225748777254507,0.0196263257467246,0.0196263257467246
2.24530682586943,0.018931328684222,0.0220015896338434,0.0190365950940822,0.0190365950940822
1.92928165130577,0.0211780055402921,0.0263601025698323,0.0182728096949021,0.0182728096949021
1.78530737570536,0.0189187766753624,0.0227293557842099,0.0178100970588241,0.0178100970588241
1.69885966522191,0.0213794650720484,0.0219923241166261,0.019104592852666,0.019104592852666
2.03719340574672,0.0249948893800042,0.0193553486632141,0.0214123010906546,0.0214123010906546
2.07697885298493,0.0214690430541579,0.021272302870406,0.0185661336970905,0.0185661336970905
2.1015142728338,0.0200948876480267,0.0229882994261806,0.019284469397931,0.019284469397931
2.0144437541633,0.0225292825666564,0.0223730741233304,0.0215328658822777,0.0215328658822777
1.98402246911667,0.0261640615024326,0.021797796471873,0.0173702101496919,0.0173702101496919
1.91353420161706,0.0224080510596996,0.017540224357832,0.0179858470088736,0.0179858470088736
1.78957533739292,0.0216956559901528,0.0235641578607696,0.0185707424196409,0.0185707424196409
1.76749392987172,0.0233272970735945,0.0186716940609381,0.0166015906502519,0.0166015906502519
1.68849959113897,0.0239010566047565,0.0182619989595163,0.0164942160527265,0.0164942160527265
1.78527210182941,0.0273233390874698,0.0214102224785063,0.0187997302456937,0.0187997302456937
1.69409207229447,0.0231385781376442,0.0231675194138622,0.0196676415501407,0.0196676415501407
2.14725883678129,0.0253687317879671,0.0214096976081474,0.0187208341868166,0.0187208341868166
2.15119323116966,0.0237256372111251,0.0260497845478912,0.0185664758594306,0.0185664758594306
2.12280410126222,0.021548087613669,0.0209783324799106,0.0174701520334733,0.0174701520334733
2.27035285259299,0.0196721055113003,0.0192539729649049,0.0191100410568736,0.0191100410568736
2.02241817048446,0.0203354991621058,0.0210527885428349,0.0160664290493038,0.0160664290493038
2.27335864995725,0.0247930886673302,0.0213834591460975,0.0192929490501978,0.0192929490501978
1.94024378410545,0.0213227371776285,0.0203565866344658,0.0178211645567193,0.0178211645567193
1.99095941914166,0.0230041634409581,0.0215868737843326,0.0203795061888156,0.0203795061888156
2.1249928190203,0.0259932490201918,0.0215847459037363,0.0179100257516077,0.0179100257516077
2.00320528155917,0.0256855914239759,0.018681897365384,0.0187039535282248,0.0187039535282248
1.93235432098744,0.0219897860904073,0.0198799970162345,0.0196401079848624,0.0196401079848624
2.0631964801547,0.0256134209987872,0.0236123480396508,0.0190658734567105,0.0190658734567105
2.15175062911796,0.0187484762224124,0.0231230070693782,0.0162958008535782,0.0162958008535782
2.07510386178902,0.021895534224914,0.0244662342781603,0.0199538982489323,0.0199538982489323
2.01029796431181,0.0229580900465922,0.0215914650448751,0.0193113560723159,0.0193113560723159
1.79767170534767,0.0222134660759698,0.0192612242321431,0.0148876393118241,0.0148876393118241
1.86431086886905,0.0265905576938485,0.0213059992791174,0.0154701211940039,0.0154701211940039
1.90283430235863,0.0234965054963146,0.0211780366517685,0.0160625000037241,0.0160625000037241
2.06356601719449,0.0250717484739361,0.0207882583859616,0.0219962598316548,0.0219962598316548
2.06005116554743,0.0202190892606718,0.0165885606577725,0.0166437377316377,0.0166437377316377
2.04715761016954,0.0207599698339296,0.0236600922321957,0.0205137491394018,0.0205137491394018
2.13401302927099,0.0219004665333208,0.0192679841312567,0.0189318424514192,0.0189318424514192
2.26682688802669,0.0181037879604367,0.0239453024671514,0.0188914921473096,0.0188914921473096
2.26338275345078,0.0232324346539223,0.0235529346401354,0.0205560770639681,0.0205560770639681
2.04353701766359,0.025219879731284,0.019986717275085,0.0160310203562831,0.0160310203562831
2.0469333743949,0.0218384677508646,0.0196387661628807,0.0192140643714153,0.0192140643714153
2.1231425428675,0.0223522549025555,0.0246225259293451,0.0142802820497893,0.0142802820497893
1.76301992885353,0.0206338990262861,0.0193244137296457,0.0174350610472951,0.0174350610472951
1.71972533105146,0.0251630209742704,0.0189750331227975,0.017863537312304,0.017863537312304
1.83570859885394,0.0232153546443081,0.0212897197869353,0.017910968777643,0.017910968777643
2.05186775517729,0.0233290940277974,0.0174546653555074,0.0145245119217625,0.0145245119217625
2.0059981128727,0.0225915621965676,0.0220755628680491,0.0174584087499954,0.0174584087499954
2.26987285878581,0.0206535785890332,0.0210342366921991,0.0165455563940375,0.0165455563940375
2.13227399489919,0.0235931590199856,0.0246785404487712,0.0208190221810672,0.0208190221810672
1.98130235133056,0.0208373415678766,0.0190381077408896,0.0173267095974932,0.0173267095974932
1.98709056455509,0.024137748120021,0.0211647632545438,0.0226358640377935,0.0226358640377935
1.80080864331368,0.0254303892790814,0.0205189129221296,0.018642477922456,0.018642477922456
1.91711971672659,0.0209070895989166,0.0203436368278199,0.0201008598383746,0.0201008598383746
2.09587500588758,0.0242870367850064,0.0199340699885277,0.0169235467717471,0.0169235467717471
2.09971642878483,0.021256718019291,0.0179327350378215,0.0178082511330537,0.0178082511330537
2.20284300072488,0.0221078443804487,0.0222675244245121,0.0156560149575764,0.0156560149575764
1.83151014413094,0.0252584334460556,0.0209097221019557,0.0157600356710825,0.0157600356710825
2.01686200395508,0.0218916409426509,0.0195334684457673,0.0153307461466815,0.0153307461466815
2.0149272280284,0.0233527393953487,0.0199002892722475,0.0204499108692155,0.0204499108692155
1.8345830449971,0.023887394041892,0.0268846109418306,0.0175885285106522,0.0175885285106522
1.66326626895009,0.0259271078409126,0.0178879641321805,0.0185208341937542,0.0185208341937542
1.79564194878134,0.0201728905928638,0.0223838855471661,0.0173048197365893,0.0173048197365893
1.91974629457414,0.0258594195411682,0.0233512435200582,0.0196915182870503,0.0196915182870503
1.81259673525507,0.0221122493047363,0.023609424477984,0.020116812168723,0.020116812168723
1.98085724101498,0.0253801570264682,0.0235072688962455,0.017007831046641,0.017007831046641
2.34778883474586,0.0238150117900403,0.0198400877039846,0.0183658998609189,0.0183658998609189
2.15185882180007,0.0214426479074305,0.0198141526363124,0.0181543959705339,0.0181543959705339
2.221306850578,0.0212118953833541,0.0196228620351079,0.0176024798434356,0.0176024798434356
1.79729715627894,0.0242219956868325,0.0176392886002372,0.016792322949134,0.016792322949134
1.70858579185339,0.0224969199159237,0.0209538853301789,0.0186289356960599,0.0186289356960599
2.16183668919836,0.0297985241079491,0.025437426591935,0.0231777071017792,0.0231777071017792
1.85342183596613,0.0229470777865907,0.019769257932442,0.0174460418229696,0.0174460418229696
2.04835439749219,0.0220311389552164,0.0252137581795003,0.0193493687219426,0.0193493687219426
1.87193247642713,0.0255136734109117,0.0201419083128278,0.0196907063409296,0.0196907063409296
2.00209700130688,0.0184122676356852,0.0203543167041147,0.0149795888916232,0.0149795888916232
1.98975367399585,0.0232004541546568,0.0236707886450797,0.0157228514806011,0.0157228514806011
1.88742088518618,0.0243423058951215,0.0209493309806932,0.015747934211342,0.015747934211342
1.92197248484932,0.0212911344042277,0.0227903738534792,0.0186680844928037,0.0186680844928037
2.0396268773035,0.0198519228670136,0.0209285266096458,0.0174353998079,0.0174353998079
1.70366356126431,0.0206108036480194,0.0196316482678808,0.0185978091857639,0.0185978091857639
1.83630121681594,0.0220044079099799,0.021675020675266,0.0177162983559538,0.0177162983559538
1.87449850177163,0.0176784311100747,0.0202724746830765,0.016389424955071,0.016389424955071
2.0281210972355,0.0248455880340526,0.0199116802557018,0.019255536807562,0.019255536807562
1.89618953998211,0.0175200553450079,0.0198756987442439,0.0145223349278494,0.0145223349278494
1.8016850380259,0.025830262976373,0.0209657010573788,0.0208377276934099,0.0208377276934099
2.01579920500259,0.0218679483956263,0.0226728255836686,0.0200547231177465,0.0200547231177465
2.14116106277875,0.0209338324324952,0.0228252979203825,0.0171010579366838,0.0171010579366838
1.84236924869457,0.0193992639021967,0.0191711811962905,0.0189879683678632,0.0189879683678632
2.0533640281052,0.0223516769090006,0.0184212232694632,0.0187528039154354,0.0187528039154354
1.72576017322707,0.0229891407605381,0.0191108988923763,0.019032530387485,0.019032530387485
2.01436671534128,0.0228412836479969,0.0199349856803485,0.0197311681300938,0.0197311681300938
1.67619436073118,0.0260686990358531,0.0199895830446579,0.0140550311667086,0.0140550311667086
2.23205473945239,0.0197294120588936,0.0162307494514991,0.0168957878155709,0.0168957878155709
1.65302315872639,0.0233579806899096,0.0188629263953963,0.0194543374599753,0.0194543374599753
1.92058057822875,0.0226206865064977,0.0187214634655262,0.0157456595115656,0.0157456595115656
1.76792538443768,0.0236256322717846,0.0175801565557167,0.0175864642190851,0.0175864642190851
1.90545917310595,0.0239183269536372,0.0236276037051955,0.0211029776119809,0.0211029776119809
2.4992243969457,0.0240824267911941,0.0214321869946616,0.0185967752142831,0.0185967752142831
2.07985926561102,0.0210279829426173,0.0193825400475581,0.0200167391364056,0.0200167391364056
2.43594991843884,0.0255142142614621,0.0200662463435096,0.0160457048453856,0.0160457048453856
1.93793087190346,0.0242831286494147,0.0232683062401496,0.0160611020439709,0.0160611020439709
2.17019162945762,0.0248383709916821,0.0207062099732418,0.0176780071009136,0.0176780071009136
1.8462095300403,0.0255211024039002,0.0211738529516197,0.0207647540769567,0.0207647540769567
2.14897962123502,0.0217446216030234,0.0172855976502375,0.0183276347987779,0.0183276347987779
1.83816984927139,0.0235266967564447,0.0200320469686569,0.0168681455446076,0.0168681455446076
2.3492091399617,0.019092991144965,0.026385710316358,0.0174959067886161,0.0174959067886161
2.06444544279299,0.0244571271971748,0.0272516033987539,0.0146257008957468,0.0146257008957468
1.94149633551747,0.0224266157199489,0.0177012408984726,0.0190331606801957,0.0190331606801957
1.93726498286919,0.021970132581214,0.0192922867274826,0.0179067120456736,0.0179067120456736
1.82294293257403,0.0234282987797959,0.0214190560872613,0.0174800829340533,0.0174800829340533
2.1313830818895,0.0228600583724643,0.0237601240177269,0.0202859262467059,0.0202859262467059
2.15619589616771,0.0232427376644143,0.0215014262149229,0.0168081044739475,0.0168081044739475
1.85342941744996,0.0246268482564725,0.0231540766075662,0.0177016634204928,0.0177016634204928
2.11631848448251,0.0249332221829098,0.0241693968209292,0.0179971099682846,0.0179971099682846
1.90616138454988,0.0202791947599731,0.020340037417048,0.0183138859867766,0.0183138859867766
1.97902665845821,0.019352659788681,0.0183501185422075,0.0174599874248249,0.0174599874248249
2.03952981886785,0.0214266844838047,0.0204376766077697,0.015799517375416,0.015799517375416
1.86153540823207,0.0202914925111816,0.0183064091757802,0.0177362690958432,0.0177362690958432
2.01138781687531,0.0236801291860192,0.0233662000568146,0.0184570626555261,0.0184570626555261
2.18482134270905,0.0224774183357476,0.0209015678487719,0.0183827847879521,0.0183827847879521
2.0320077144892,0.0220275309685824,0.0215843383203609,0.0171312076361525,0.0171312076361525
1.87526017817586,0.0225569650586501,0.0202207503413693,0.0189216964150451,0.0189216964150451
1.88600588033466,0.0195896606733206,0.0194253885600664,0.0184163596760876,0.0184163596760876
1.81029500382808,0.0225351358498412,0.0202662762604918,0.0167172078009794,0.0167172078009794
2.10654209027358,0.0153295069267708,0.0216799543326497,0.0146532903600197,0.0146532903600197
2.22355871540305,0.0240717573994382,0.0206767266848887,0.0169738453502883,0.0169738453502883
1.88219846784075,0.0225260362922356,0.0212476997175099,0.0178023506016408,0.0178023506016408
2.05093016518698,0.0206054162738823,0.0253610388691741,0.0193471762888582,0.0193471762888582
2.17358577034724,0.0201089904563245,0.0199601500534859,0.0194229469974956,0.0194229469974956
2.16179850410407,0.0234559119866206,0.0230457161075131,0.0202633688252753,0.0202633688252753
2.30721029868126,0.0218794602377515,0.0231476714825784,0.0164376758366258,0.0164376758366258
1.88898140049882,0.0229614969942921,0.024174442009502,0.0161707891364467,0.0161707891364467
2.02482634548143,0.0234918452503642,0.0182246702721994,0.0145217492308786,0.0145217492308786
2.22564733551623,0.0211355826756866,0.020083197321431,0.0186686017791953,0.0186686017791953
1.87272480078513,0.0205774267607596,0.0277293167661628,0.0213083739137878,0.0213083739137878
2.13953081433247,0.0217543320304351,0.0196595433850317,0.0186689041877009,0.0186689041877009
2.06262046690322,0.0243638351527113,0.0186815155549663,0.0191551247609547,0.0191551247609547
2.04187141310435,0.0205811563715304,0.0239320766242182,0.0181495507657059,0.0181495507657059
1.83799051388172,0.0248607441241957,0.0226217823804773,0.0148003897614968,0.0148003897614968
2.33646048439369,0.0194319520962332,0.0166410951096048,0.0170355415509926,0.0170355415509926
1.99677765734583,0.023124094492519,0.0196904104978623,0.0198621067516862,0.0198621067516862
1.970219895605,0.0215529386927551,0.02105912032775,0.0177591619304418,0.0177591619304418
2.06428166105515,0.0204011647687092,0.0189577650416825,0.0186925322423488,0.0186925322423488
2.0330363142382,0.0186513746539435,0.0200318672222084,0.0168224060448504,0.0168224060448504
1.80477942040394,0.0237576505038151,0.0221803671249037,0.0157069360089684,0.0157069360089684
1.72434159676403,0.0254692337870215,0.0223048255671527,0.019629374710895,0.019629374710895
2.07447355326828,0.022474108486248,0.0240655464262328,0.0174655116657547,0.0174655116657547
2.06720922740989,0.0233511810664467,0.0218490682036118,0.0161606847067377,0.0161606847067377
2.16512147402828,0.0217050191192572,0.0166438641843797,0.021447866932237,0.021447866932237
1.70105531043574,0.0246938564703912,0.0203260990063495,0.0185627057091635,0.0185627057091635
1.99774763152503,0.0233741649366889,0.0235158159546889,0.0194831881343222,0.0194831881343222
1.78942019513399,0.023083343984531,0.0215792595161509,0.0181217993330205,0.0181217993330205
1.99844365885759,0.0209052504434193,0.0171418409697048,0.0172520716897761,0.0172520716897761
1.97057801375538,0.0216363652120418,0.0219614789334694,0.019314909617456,0.019314909617456
1.641002785878,0.0229298362445621,0.018645878695313,0.0191983799961882,0.0191983799961882
1.89171619816431,0.0212116660772689,0.0219332098860307,0.0161423906232265,0.0161423906232265
2.35565040350962,0.0230767580893574,0.0221596923142642,0.0180217827167612,0.0180217827167612
1.49970001564037,0.0253965295143389,0.018551903204494,0.0176327128245975,0.0176327128245975
1.94805534212478,0.0186091251514716,0.0202745309332133,0.0192239531109079,0.0192239531109079
2.02462321762388,0.0207765633222808,0.0205868629126054,0.0156485825404027,0.0156485825404027
1.82805865692435,0.0209373091141494,0.0237920649065643,0.0166136514899435,0.0166136514899435
2.00543388696241,0.0206709334020814,0.0183403202076478,0.0187817298021629,0.0187817298021629
1.86766459828628,0.0239840147708214,0.0232551081110862,0.018239933083679,0.018239933083679
2.00983095644592,0.018981199604845,0.0213033186542379,0.0179984192010457,0.0179984192010457
2.07515414443354,0.0208404487402581,0.0197202654849717,0.0168681632627117,0.0168681632627117
1.77243063458334,0.0196344874417557,0.0189732760671182,0.0167360540268909,0.0167360540268909
2.05606027032987,0.018773878407102,0.0226238909290484,0.01970647084192,0.01970647084192
2.00775328485309,0.0215409054821981,0.0202091771971777,0.0183563948255536,0.0183563948255536
1.6939846371568,0.020985229894027,0.0229416805470089,0.0174502054254296,0.0174502054254296
2.13548309036784,0.0233330290435453,0.023896895473981,0.0199019946785455,0.0199019946785455
2.02992941236675,0.0264354870220383,0.0209044304961017,0.0214015876452579,0.0214015876452579
1.7708176996204,0.0234830091979843,0.0222240459133186,0.019156807530881,0.019156807530881
1.94532864256574,0.0232759291955204,0.0220541853978557,0.0169560474171017,0.0169560474171017
2.02324173508275,0.0194492343764512,0.0225232022418477,0.0184137670091641,0.0184137670091641
1.82436568745573,0.0256111186224214,0.0192512583123234,0.0196389109572312,0.0196389109572312
2.14531542261771,0.0218508198882892,0.0235907006025626,0.0172334923678872,0.0172334923678872
2.00518827859014,0.0223516000310669,0.0229446474043824,0.0181550262754498,0.0181550262754498
1.98860098318883,0.022342920565146,0.0232876329982925,0.0174666050502534,0.0174666050502534
2.00150293317835,0.0226502715385785,0.022609720135445,0.016925348015551,0.016925348015551
1.84079458719196,0.0220253227782713,0.0219960335010422,0.0178617060499093,0.0178617060499093
1.94814436689122,0.0236238213238908,0.0197079650865514,0.0180719013071291,0.0180719013071291
1.79973232858867,0.0251839260427846,0.0183800830309308,0.0188843133197486,0.0188843133197486
2.22066378435128,0.0229722128559027,0.0190917310829675,0.0165910980891501,0.0165910980891501
1.95285067874759,0.0232272560835507,0.0219790664134049,0.0195513474373285,0.0195513474373285
2.17954977105476,0.0217700399988151,0.0187820331686448,0.0153676027600407,0.0153676027600407
1.84135060929484,0.0195317547829147,0.0184003111693665,0.0193824113474514,0.0193824113474514
2.23051101841579,0.024241200078606,0.0209144447874484,0.0196130140685659,0.0196130140685659
2.13614867287402,0.022343248560616,0.0224196832276372,0.0181030377031026,0.0181030377031026
2.10390239872158,0.018385028217543,0.025190528344362,0.0178573223294243,0.0178573223294243
1.76789540510222,0.0265071622130938,0.0219561461021585,0.016543708226539,0.016543708226539
2.06609789119852,0.0231425697968363,0.019248104665706,0.0170485333872779,0.0170485333872779
1.94151207704131,0.0308388563182326,0.0190652882276367,0.0201550085299905,0.0201550085299905
1.73876323318835,0.0253129760548787,0.0205264028653329,0.0199801942624636,0.0199801942624636
1.88250845582901,0.0213314216944352,0.0236544049378387,0.0216509379989929,0.0216509379989929
2.30356975761951,0.0223199201994542,0.0204893035511173,0.015044225350127,0.015044225350127
2.00388555385787,0.0269679390069331,0.0253218692386538,0.0193192042552208,0.0193192042552208
1.96377164798822,0.0214109423130103,0.0205639839298378,0.0186613919774791,0.0186613919774791
2.31955724187431,0.0226508413204555,0.0207327045034692,0.0184124259642513,0.0184124259642513
2.11870553572524,0.0232554310208312,0.0218372721877585,0.0178856836362017,0.0178856836362017
1.87276972521189,0.0192880536501709,0.0191260027728167,0.0191550687071992,0.0191550687071992
2.11197146372634,0.0209779150853292,0.02013821263948,0.016497507605694,0.016497507605694
1.76766623810781,0.0265380343369597,0.0222173763750797,0.01842973483558,0.01842973483558
2.22867726239083,0.0242322904672816,0.0229836186764448,0.0162839447920824,0.0162839447920824
1.99479234821927,0.0226231197584103,0.0191608674480185,0.0178832087576622,0.0178832087576622
1.95103785245912,0.0235133181918277,0.0255141973307364,0.0183298108728473,0.0183298108728473
1.93605942843514,0.025583256897472,0.0216294993571425,0.0184351170676663,0.0184351170676663
1.99108904106696,0.0176629905959533,0.0200702797693787,0.0208203642960915,0.0208203642960915
1.97750432786374,0.0211316452813392,0.0235518991070368,0.0183750638593168,0.0183750638593168
1.93057210760329,0.0232437949022014,0.0205348408411123,0.0193639527097575,0.0193639527097575
1.84139194406428,0.0217825479789013,0.0205472934586475,0.0180171505774857,0.0180171505774857
1.74935737476091,0.024059652887686,0.0222246979993004,0.0165620630547897,0.0165620630547897
2.09527509421113,0.0221370666328401,0.0169288696705431,0.0161407278566013,0.0161407278566013
1.9730182164223,0.0204367067327119,0.0210961272971773,0.0169129227358628,0.0169129227358628
1.99212448971875,0.0179353950805512,0.0217167909350136,0.0178908446832069,0.0178908446832069
1.71640552836818,0.0220432859248827,0.0216938738476798,0.0243741436670114,0.0243741436670114
2.07832538641086,0.0198543847477242,0.0213945650782508,0.0172369001105067,0.0172369001105067
2.04711242652398,0.0243266289820004,0.0183888599946208,0.0173878224049599,0.0173878224049599
1.97998197273552,0.0230685149004313,0.0157367749214711,0.0173124593331315,0.0173124593331315
1.91292832545347,0.024225224601837,0.0210892622414917,0.0195269686530028,0.0195269686530028
1.77895665866648,0.0193870782832646,0.0206534027712465,0.0164881942261235,0.0164881942261235
2.20337197819107,0.0190277540380231,0.0234285418781462,0.0194518475931563,0.0194518475931563
1.87894896096888,0.0210916047026925,0.0166161862051348,0.0179285571048728,0.0179285571048728
1.87662744674502,0.0229016347139069,0.0263150266610568,0.0187683708148293,0.0187683708148293
1.93493229345601,0.0263884122756012,0.0209949054609642,0.0169572990214124,0.0169572990214124
2.24041549102432,0.0241621180447344,0.0197559931022354,0.0176914112221476,0.0176914112221476
2.35229191868148,0.0254152233375761,0.0222202009598981,0.0179987871501544,0.0179987871501544
1.91847392818191,0.0188032672184122,0.0197907356635175,0.0160001018882195,0.0160001018882195
2.23982312192707,0.0226780218639688,0.0228803200846072,0.0169649235106173,0.0169649235106173
1.72123038147005,0.0218617652786796,0.0224312847584838,0.0161780841138609,0.0161780841138609
2.10147523221389,0.0211955757038902,0.0203757821664382,0.0176472359226036,0.0176472359226036
1.92163893037057,0.0226497195939743,0.0190757090202756,0.0182793541932909,0.0182793541932909
1.73922773827076,0.0262463586339941,0.0236128789396618,0.0169411183123369,0.0169411183123369
1.53583215444325,0.0197906916881298,0.0247604387097845,0.021136145457419,0.021136145457419
1.75396579575455,0.022302803299986,0.0171069732905891,0.0165434335930289,0.0165434335930289
1.8005887367279,0.0264350855249317,0.0204427170403372,0.0163210666316605,0.0163210666316605
2.011746506583,0.0185562085622684,0.0204724435582983,0.0151327341212204,0.0151327341212204
2.08204433777142,0.0236918150318824,0.0255881177681423,0.0198172851976068,0.0198172851976068
2.40951332384501,0.0211021040741647,0.019438242281099,0.0203036545830135,0.0203036545830135
1.99259277152712,0.0222684562942507,0.0206088146177994,0.019318439008825,0.019318439008825
2.00895555960108,0.0251863008055443,0.0210946365001807,0.0179045265594094,0.0179045265594094
1.93260642023787,0.0213313325136866,0.0204469104278301,0.0171999532436489,0.0171999532436489
2.33662041672119,0.0212392171365922,0.0186045226134709,0.0170174064935068,0.0170174064935068
2.37196236379169,0.0225294496245223,0.0233745189973137,0.0174723942079597,0.0174723942079597
1.92551673586161,0.0236221060662274,0.0260383786843853,0.0180294662812013,0.0180294662812013
2.05915146381203,0.0236880381808944,0.0211052518578516,0.0206609557095352,0.0206609557095352
2.10639242823807,0.0199622709107787,0.0231707484578408,0.0190549569604552,0.0190549569604552
1.89134376324609,0.0203221981023833,0.022210518373693,0.0183424829503184,0.0183424829503184
2.20269272933567,0.0225962427505425,0.0217486482797091,0.013881106972766,0.013881106972766
2.04332460423285,0.0223441219184297,0.0198702463527948,0.0183684438274329,0.0183684438274329
2.17070788260522,0.0226181379887717,0.017893857650341,0.0155468541956304,0.0155468541956304
